episode,mean_reward,total_reward,decay_factor,shaped_reward_first_step,sparse_reward_first_step,evaluation_reward_greedy
0,0.0375,15.0,1.0,0,0,0.0
1,0.0,0.0,0.9995,0,0,0.0
2,0.1123875,44.955,0.999,0,0,0.0
3,0.0,0.0,0.9985,0,0,0.0
4,0.07485,29.94,0.998,0,0,0.0
5,0.13715624999999998,54.8625,0.9975,0,0,0.0
6,0.0373875,14.955,0.997,0,0,0.0
7,0.07473750000000001,29.895000000000003,0.9965,0,0,0.0
8,0.0,0.0,0.996,0,0,0.0
9,0.0746625,29.865000000000002,0.9955,0,0,0.0
10,0.0,0.0,0.995,0,0,0.0
11,0.0,0.0,0.9945,0,0,0.0
12,0.0,0.0,0.994,0,0,0.0
13,0.03725625,14.9025,0.9935,0,0,0.0
14,0.074475,29.79,0.993,0,0,0.0
15,0.0,0.0,0.9925,0,0,0.0
16,0.0,0.0,0.992,0,0,0.0
17,0.0,0.0,0.9915,0,0,0.0
18,0.0371625,14.865,0.991,0,0,0.0
19,0.09905000000000001,39.620000000000005,0.9905,0,0,0.0
20,0.099,39.6,0.99,0,0,0.0
21,0.0,0.0,0.9895,0,0,0.0
22,0.07417499999999999,29.669999999999998,0.989,0,0,0.0
23,0.13591875,54.36750000000001,0.9885,0,0,0.0
24,0.03705,14.82,0.988,0,0,0.0
25,0.06171875,24.6875,0.9875,0,0,0.0
26,0.0,0.0,0.987,0,0,0.0
27,0.06165625,24.6625,0.9865,0,0,0.0
28,0.061625,24.65,0.986,0,0,0.0
29,0.0,0.0,0.9855,0,0,0.0
30,0.0,0.0,0.985,0,0,0.0
31,0.13536875,54.1475,0.9845,0,0,0.0
32,0.061500000000000006,24.6,0.984,0,0,0.0
33,0.036881250000000004,14.752500000000001,0.9835,0,0,0.0
34,0.0,0.0,0.983,0,0,0.0
35,0.03684375,14.7375,0.9825,0,0,0.0
36,0.061375,24.55,0.982,0,0,0.0
37,0.09815000000000002,39.260000000000005,0.9815,0,0,0.0
38,0.0,0.0,0.981,0,0,0.0
39,0.15933125,63.7325,0.9805,0,0,0.0
40,0.147,58.8,0.98,0,0,0.0
41,0.1714125,68.565,0.9795,0,0,0.0
42,0.0,0.0,0.979,0,0,0.0
43,0.0,0.0,0.9785,0,0,0.0
44,0.07335,29.34,0.978,0,0,0.0
45,0.0,0.0,0.9775,0,0,0.0
46,0.0,0.0,0.977,0,0,0.0
47,0.0,0.0,0.9765,0,0,0.0
48,0.0,0.0,0.976,0,0,0.0
49,0.09754999999999998,39.019999999999996,0.9755,0,0,0.0
50,0.1596875,63.875,0.975,0,0,0.0
51,0.09745000000000001,38.980000000000004,0.9745,0,0,0.0
52,0.06087499999999999,24.349999999999998,0.974,0,0,0.0
53,0.036506250000000004,14.602500000000001,0.9735,0,0,0.0
54,0.0,0.0,0.973,0,0,0.0
55,0.03646875,14.5875,0.9725,0,0,0.0
56,0.0,0.0,0.972,0,0,0.0
57,0.0728625,29.145,0.9715,0,0,0.0
58,0.09709999999999999,38.839999999999996,0.971,0,0,0.0
59,0.09705,38.82,0.9705,0,0,0.0
60,0.060625,24.25,0.97,0,0,0.0
61,0.09695000000000001,38.78,0.9695,0,0,0.0
62,0.0969,38.76,0.969,0,0,0.0
63,0.09685,38.74,0.9685,0,0,0.0
64,0.0968,38.72,0.968,0,0,0.0
65,0.13303125000000002,53.212500000000006,0.9675,0,0,0.0
66,0.036262499999999996,14.504999999999999,0.967,0,0,0.0
67,0.0,0.0,0.9665,0,0,0.0
68,0.036225,14.49,0.966,0,0,0.0
69,0.0,0.0,0.9655,0,0,0.0
70,0.072375,28.95,0.965,0,0,0.0
71,0.03616875,14.467500000000001,0.9645,0,0,0.0
72,0.0,0.0,0.964,0,0,0.0
73,0.09635000000000002,38.540000000000006,0.9635,0,0,0.0
74,0.1324125,52.965,0.963,0,0,0.0
75,0.09625,38.5,0.9625,0,0,0.0
76,0.0,0.0,0.962,0,0,0.0
77,0.06009375,24.0375,0.9615,0,0,0.0
78,0.072075,28.83,0.961,0,0,0.0
79,0.03601875,14.4075,0.9605,0,0,0.0
80,0.036,14.399999999999999,0.96,0,0,0.0
81,0.0719625,28.785,0.9595,0,0,0.0
82,0.0,0.0,0.959,0,0,0.0
83,0.0,0.0,0.9585,0,0,0.0
84,0.035925,14.37,0.958,0,0,0.0
85,0.05984375,23.9375,0.9575,0,0,0.0
86,0.2033625,81.345,0.957,0,0,0.0
87,0.09565000000000001,38.260000000000005,0.9565,0,0,0.0
88,0.0,0.0,0.956,0,0,0.0
89,0.0,0.0,0.9555,0,0,0.0
90,0.0,0.0,0.955,0,0,0.0
91,0.09545,38.18,0.9545,0,0,0.0
92,0.07154999999999999,28.619999999999997,0.954,0,0,0.0
93,0.03575625,14.3025,0.9535,0,0,0.0
94,0.0,0.0,0.953,0,0,0.0
95,0.0714375,28.575,0.9525,0,0,0.0
96,0.09519999999999999,38.08,0.952,0,0,0.0
97,0.035681250000000005,14.2725,0.9515,0,0,0.0
98,0.071325,28.529999999999998,0.951,0,0,0.0
99,0.0,0.0,0.9505,0,0,0
100,0.07125,28.5,0.95,0,0,0.0
101,0.0712125,28.485,0.9495,0,0,0.0
102,0.13048749999999998,52.19499999999999,0.949,0,0,0.0
103,0.0711375,28.455000000000002,0.9485,0,0,0.0
104,0.03555,14.219999999999999,0.948,0,0,0.0
105,0.09475,37.9,0.9475,0,0,0.0
106,0.071025,28.41,0.947,0,0,0.0
107,0.0709875,28.395,0.9465,0,0,0.0
108,0.09459999999999999,37.839999999999996,0.946,0,0,0.0
109,0.09455,37.82,0.9455,0,0,0.0
110,0.0354375,14.174999999999999,0.945,0,0,0.0
111,0.0708375,28.335,0.9445,0,0,0.0
112,0.1534,61.36,0.944,0,0,0.0
113,0.09434999999999999,37.739999999999995,0.9435,0,0,0.0
114,0.0,0.0,0.943,0,0,0.0
115,0.0,0.0,0.9425,0,0,0.0
116,0.09419999999999998,37.67999999999999,0.942,0,0,0.0
117,0.0,0.0,0.9415,0,0,0.0
118,0.0941,37.64,0.9410000000000001,0,0,0.0
119,0.03526875,14.1075,0.9405,0,0,0.0
120,0.0,0.0,0.94,0,0,0.0
121,0.0,0.0,0.9395,0,0,0.0
122,0.0352125,14.085,0.9390000000000001,0,0,0.0
123,0.09385,37.54,0.9385,0,0,0.0
124,0.035175,14.069999999999999,0.938,0,0,0.0
125,0.05859375,23.4375,0.9375,0,0,0.0
126,0.070275,28.110000000000003,0.937,0,0,0.0
127,0.0,0.0,0.9365,0,0,0.0
128,0.0702,28.08,0.9359999999999999,0,0,0.0
129,0.09355000000000001,37.42,0.9355,0,0,0.0
130,0.070125,28.05,0.935,0,0,0.0
131,0.03504375,14.0175,0.9345,0,0,0.0
132,0.07005,28.02,0.9339999999999999,0,0,0.0
133,0.05834375,23.3375,0.9335,0,0,0.0
134,0.034987500000000005,13.995000000000001,0.933,0,0,0.0
135,0.05828125,23.3125,0.9325,0,0,0.0
136,0.09319999999999999,37.279999999999994,0.9319999999999999,0,0,0.0
137,0.03493125,13.9725,0.9315,0,0,0.0
138,0.16292500000000001,65.17,0.931,0,0,0.0
139,0.03489375,13.9575,0.9305,0,0,0.0
140,0.0,0.0,0.9299999999999999,0,0,0.0
141,0.03485625,13.942499999999999,0.9295,0,0,0.0
142,0.0580625,23.225,0.929,0,0,0.0
143,0.09285,37.14,0.9285,0,0,0.0
144,0.0,0.0,0.928,0,0,0.0
145,0.03478125,13.9125,0.9275,0,0,0.0
146,0.1042875,41.715,0.927,0,0,0.0
147,0.09265000000000001,37.06,0.9265,0,0,0.0
148,0.0,0.0,0.926,0,0,0.0
149,0.0694125,27.765,0.9255,0,0,0.0
150,0.0,0.0,0.925,0,0,0.0
151,0.0693375,27.735,0.9245,0,0,0.0
152,0.0924,36.96,0.924,0,0,0.0
153,0.1154375,46.175,0.9235,0,0,0.0
154,0.06922500000000001,27.69,0.923,0,0,0.0
155,0.12684375,50.7375,0.9225,0,0,0.0
156,0.0,0.0,0.922,0,0,0.0
157,0.03455625,13.8225,0.9215,0,0,0.0
158,0.034537500000000006,13.815000000000001,0.921,0,0,0.0
159,0.03451875,13.8075,0.9205,0,0,0.0
160,0.0,0.0,0.92,0,0,0.0
161,0.03448125,13.7925,0.9195,0,0,0.0
162,0.0574375,22.975,0.919,0,0,0.0
163,0.03444375,13.7775,0.9185,0,0,0.0
164,0.16065000000000002,64.26,0.918,0,0,0.0
165,0.05734375,22.9375,0.9175,0,0,0.0
166,0.068775,27.51,0.917,0,0,0.0
167,0.03436875,13.7475,0.9165,0,0,0.0
168,0.1603,64.12,0.916,0,0,0.0
169,0.09154999999999999,36.62,0.9155,0,0,0.0
170,0.0343125,13.725000000000001,0.915,0,0,0.0
171,0.03429375,13.7175,0.9145,0,0,0.0
172,0.0,0.0,0.914,0,0,0.0
173,0.0,0.0,0.9135,0,0,0.0
174,0.159775,63.91,0.913,0,0,0.0
175,0.09125,36.5,0.9125,0,0,0.0
176,0.0684,27.36,0.912,0,0,0.0
177,0.09114999999999998,36.459999999999994,0.9115,0,0,0.0
178,0.034162500000000005,13.665000000000001,0.911,0,0,0.0
179,0.03414375,13.657499999999999,0.9105,0,0,0.0
180,0.056875,22.75,0.91,0,0,0.0
181,0.09095,36.38,0.9095,0,0,0.0
182,0.0568125,22.725,0.909,0,0,0.0
183,0.0681375,27.255,0.9085,0,0,0.0
184,0.0908,36.32,0.908,0,0,0.0
185,0.09075,36.3,0.9075,0,0,0.0
186,0.1473875,58.955,0.907,0,0,0.0
187,0.0679875,27.195,0.9065,0,0,0.0
188,0.05662500000000001,22.650000000000002,0.906,0,0,0.0
189,0.09054999999999999,36.22,0.9055,0,0,0.0
190,0.0339375,13.575000000000001,0.905,0,0,0.0
191,0.0,0.0,0.9045,0,0,0.0
192,0.0,0.0,0.904,0,0,0.0
193,0.0677625,27.105,0.9035,0,0,0.0
194,0.0564375,22.575,0.903,0,0,0.0
195,0.05640625,22.5625,0.9025,0,0,0.0
196,0.124025,49.61,0.902,0,0,0.0
197,0.12395624999999999,49.582499999999996,0.9015,0,0,0.0
198,0.0,0.0,0.901,0,0,0.0
199,0.10130625,40.5225,0.9005,0,0,0
200,0.03375,13.5,0.9,0,0,0.0
201,0.0674625,26.985,0.8995,0,0,0.0
202,0.0337125,13.485,0.899,0,0,0.0
203,0.033693749999999995,13.4775,0.8985,0,0,0.0
204,0.033675000000000004,13.47,0.898,0,0,0.0
205,0.0,0.0,0.8975,0,0,0.0
206,0.0,0.0,0.897,0,0,0.0
207,0.03361875,13.4475,0.8965,0,0,0.0
208,0.1232,49.28,0.896,0,0,0.0
209,0.0,0.0,0.8955,0,0,0.0
210,0.0,0.0,0.895,0,0,0.0
211,0.0670875,26.834999999999997,0.8945,0,0,0.0
212,0.0,0.0,0.894,0,0,0.0
213,0.0670125,26.805,0.8935,0,0,0.0
214,0.08929999999999999,35.72,0.893,0,0,0.0
215,0.12271875000000002,49.0875,0.8925,0,0,0.0
216,0.0,0.0,0.892,0,0,0.0
217,0.05571875,22.287499999999998,0.8915,0,0,0.0
218,0.0891,35.64,0.891,0,0,0.0
219,0.08904999999999999,35.62,0.8905,0,0,0.0
220,0.15575,62.300000000000004,0.89,0,0,0.0
221,0.0667125,26.685,0.8895,0,0,0.0
222,0.066675,26.67,0.889,0,0,0.0
223,0.033318749999999994,13.327499999999999,0.8885,0,0,0.0
224,0.0,0.0,0.888,0,0,0.0
225,0.03328125,13.3125,0.8875,0,0,0.0
226,0.08870000000000001,35.480000000000004,0.887,0,0,0.0
227,0.033243749999999996,13.2975,0.8865,0,0,0.0
228,0.12182499999999999,48.730000000000004,0.886,0,0,0.0
229,0.08855,35.42,0.8855,0,0,0.0
230,0.0331875,13.275,0.885,0,0,0.0
231,0.03316875,13.2675,0.8845,0,0,0.0
232,0.08839999999999999,35.36,0.884,0,0,0.0
233,0.15461249999999999,61.845,0.8835,0,0,0.0
234,0.0551875,22.075,0.883,0,0,0.0
235,0.05515625,22.0625,0.8825000000000001,0,0,0.0
236,0.033075,13.23,0.882,0,0,0.0
237,0.03305625,13.2225,0.8815,0,0,0.0
238,0.05506249999999999,22.025,0.881,0,0,0.0
239,0.0,0.0,0.8805000000000001,0,0,0.0
240,0.0,0.0,0.88,0,0,0.0
241,0.0,0.0,0.8795,0,0,0.0
242,0.153825,61.53000000000001,0.879,0,0,0.0
243,0.0658875,26.355,0.8785000000000001,0,0,0.0
244,0.120725,48.29,0.878,0,0,0.0
245,0.08775000000000001,35.1,0.8775,0,0,0.0
246,0.0328875,13.155,0.877,0,0,0.0
247,0.03286875,13.1475,0.8765000000000001,0,0,0.0
248,0.0,0.0,0.876,0,0,0.0
249,0.03283125,13.132499999999999,0.8755,0,0,0.0
250,0.0,0.0,0.875,0,0,0.0
251,0.03279375,13.117500000000001,0.8745,0,0,0.0
252,0.0874,34.96,0.874,0,0,0.0
253,0.0,0.0,0.8734999999999999,0,0,0.0
254,0.1200375,48.015,0.873,0,0,0.0
255,0.0654375,26.175,0.8725,0,0,0.0
256,0.0654,26.16,0.872,0,0,0.0
257,0.11983125,47.9325,0.8714999999999999,0,0,0.0
258,0.0,0.0,0.871,0,0,0.0
259,0.05440625000000001,21.762500000000003,0.8705,0,0,0.0
260,0.141375,56.55,0.87,0,0,0.0
261,0.11955624999999998,47.82249999999999,0.8694999999999999,0,0,0.0
262,0.0,0.0,0.869,0,0,0.0
263,0.0,0.0,0.8685,0,0,0.0
264,0.032549999999999996,13.02,0.868,0,0,0.0
265,0.03253125,13.0125,0.8674999999999999,0,0,0.0
266,0.1192125,47.685,0.867,0,0,0.0
267,0.11914374999999999,47.6575,0.8665,0,0,0.0
268,0.184025,73.61,0.866,0,0,0.0
269,0.03245624999999999,12.982499999999998,0.8654999999999999,0,0,0.0
270,0.0540625,21.625,0.865,0,0,0.0
271,0.0,0.0,0.8645,0,0,0.0
272,0.0648,25.919999999999998,0.864,0,0,0.0
273,0.14031875,56.1275,0.8634999999999999,0,0,0.0
274,0.08629999999999999,34.519999999999996,0.863,0,0,0.0
275,0.08625,34.5,0.8625,0,0,0.0
276,0.053875,21.55,0.862,0,0,0.0
277,0.11845624999999999,47.38249999999999,0.8614999999999999,0,0,0.0
278,0.0861,34.44,0.861,0,0,0.0
279,0.15058749999999999,60.235,0.8605,0,0,0.0
280,0.0,0.0,0.86,0,0,0.0
281,0.032231249999999996,12.892499999999998,0.8594999999999999,0,0,0.0
282,0.053687500000000006,21.475,0.859,0,0,0.0
283,0.08585000000000001,34.34,0.8585,0,0,0.0
284,0.139425,55.769999999999996,0.858,0,0,0.0
285,0.17149999999999999,68.6,0.8575,0,0,0.0
286,0.0857,34.28,0.857,0,0,0.0
287,0.0642375,25.695,0.8565,0,0,0.0
288,0.0321,12.84,0.856,0,0,0.0
289,0.08555,34.22,0.8555,0,0,0.0
290,0.0320625,12.825,0.855,0,0,0.0
291,0.13885625000000001,55.542500000000004,0.8545,0,0,0.0
292,0.032025,12.81,0.854,0,0,0.0
293,0.11735625000000001,46.9425,0.8535,0,0,0.0
294,0.0,0.0,0.853,0,0,0.0
295,0.05328125,21.3125,0.8525,0,0,0.0
296,0.03195,12.78,0.852,0,0,0.0
297,0.0,0.0,0.8515,0,0,0.0
298,0.063825,25.53,0.851,0,0,0.0
299,0.14883749999999998,59.535000000000004,0.8505,0,0,0
300,0.06375,25.5,0.85,0,0,0.0
301,0.03185625,12.7425,0.8495,0,0,0.0
302,0.0318375,12.735,0.849,0,0,0.0
303,0.03181875,12.727500000000001,0.8485,0,0,0.0
304,0.1166,46.64,0.848,0,0,0.0
305,0.08474999999999999,33.9,0.8475,0,0,0.0
306,0.0317625,12.705,0.847,0,0,0.0
307,0.0,0.0,0.8465,0,0,0.0
308,0.031724999999999996,12.69,0.846,0,0,0.0
309,0.08455,33.82,0.8455,0,0,0.0
310,0.063375,25.349999999999998,0.845,0,0,0.0
311,0.0633375,25.335,0.8445,0,0,0.0
312,0.0,0.0,0.844,0,0,0.0
313,0.0,0.0,0.8435,0,0,0.0
314,0.0316125,12.645,0.843,0,0,0.0
315,0.0,0.0,0.8425,0,0,0.0
316,0.115775,46.31,0.842,0,0,0.0
317,0.03155625,12.6225,0.8415,0,0,0.0
318,0.08410000000000001,33.64,0.841,0,0,0.0
319,0.0630375,25.215,0.8405,0,0,0.0
320,0.0315,12.6,0.84,0,0,0.0
321,0.0629625,25.185000000000002,0.8395,0,0,0.0
322,0.0,0.0,0.839,0,0,0.0
323,0.03144375,12.5775,0.8385,0,0,0.0
324,0.0,0.0,0.838,0,0,0.0
325,0.03140625,12.5625,0.8375,0,0,0.0
326,0.0,0.0,0.837,0,0,0.0
327,0.0627375,25.095,0.8365,0,0,0.0
328,0.031349999999999996,12.54,0.836,0,0,0.0
329,0.05221875,20.8875,0.8355,0,0,0.0
330,0.08349999999999999,33.4,0.835,0,0,0.0
331,0.03129375,12.5175,0.8345,0,0,0.0
332,0.031275,12.51,0.834,0,0,0.0
333,0.0,0.0,0.8335,0,0,0.0
334,0.1145375,45.815,0.833,0,0,0.0
335,0.05203125,20.8125,0.8325,0,0,0.0
336,0.031199999999999995,12.479999999999999,0.832,0,0,0.0
337,0.0623625,24.945,0.8315,0,0,0.0
338,0.0311625,12.465,0.831,0,0,0.0
339,0.062287499999999996,24.915,0.8305,0,0,0.0
340,0.0,0.0,0.83,0,0,0.0
341,0.031106250000000002,12.4425,0.8295,0,0,0.0
342,0.031087499999999997,12.434999999999999,0.829,0,0,0.0
343,0.0621375,24.855,0.8285,0,0,0.0
344,0.08280000000000001,33.120000000000005,0.8280000000000001,0,0,0.0
345,0.03103125,12.4125,0.8275,0,0,0.0
346,0.062025,24.81,0.827,0,0,0.0
347,0.08265,33.06,0.8265,0,0,0.0
348,0.061950000000000005,24.78,0.8260000000000001,0,0,0.0
349,0.03095625,12.3825,0.8255,0,0,0.0
350,0.0515625,20.625,0.825,0,0,0.0
351,0.0618375,24.735,0.8245,0,0,0.0
352,0.06180000000000001,24.720000000000002,0.8240000000000001,0,0,0.0
353,0.11323124999999999,45.2925,0.8235,0,0,0.0
354,0.0,0.0,0.823,0,0,0.0
355,0.03084375,12.3375,0.8225,0,0,0.0
356,0.030825000000000005,12.330000000000002,0.8220000000000001,0,0,0.0
357,0.0,0.0,0.8215,0,0,0.0
358,0.0513125,20.525,0.821,0,0,0.0
359,0.0615375,24.615000000000002,0.8205,0,0,0.0
360,0.030750000000000003,12.3,0.8200000000000001,0,0,0.0
361,0.03073125,12.2925,0.8195,0,0,0.0
362,0.0307125,12.285,0.819,0,0,0.0
363,0.08184999999999999,32.739999999999995,0.8185,0,0,0.0
364,0.0,0.0,0.8180000000000001,0,0,0.0
365,0.05109375,20.4375,0.8175,0,0,0.0
366,0.09191250000000001,36.765,0.817,0,0,0.0
367,0.05103125,20.4125,0.8165,0,0,0.0
368,0.0816,32.64,0.8160000000000001,0,0,0.0
369,0.08155,32.62,0.8155,0,0,0.0
370,0.0,0.0,0.815,0,0,0.0
371,0.030543749999999998,12.2175,0.8145,0,0,0.0
372,0.0814,32.56,0.8140000000000001,0,0,0.0
373,0.0,0.0,0.8135,0,0,0.0
374,0.0508125,20.325,0.813,0,0,0.0
375,0.0,0.0,0.8125,0,0,0.0
376,0.030450000000000005,12.180000000000001,0.812,0,0,0.0
377,0.0,0.0,0.8115,0,0,0.0
378,0.050687499999999996,20.275,0.8109999999999999,0,0,0.0
379,0.0607875,24.315,0.8105,0,0,0.0
380,0.030375,12.15,0.81,0,0,0.0
381,0.0607125,24.285,0.8095,0,0,0.0
382,0.0809,32.36,0.8089999999999999,0,0,0.0
383,0.11116874999999998,44.4675,0.8085,0,0,0.0
384,0.16160000000000005,64.64000000000001,0.808,0,0,0.0
385,0.11103124999999998,44.412499999999994,0.8075,0,0,0.0
386,0.12104999999999999,48.419999999999995,0.8069999999999999,0,0,0.0
387,0.11089375,44.3575,0.8065,0,0,0.0
388,0.0806,32.24,0.806,0,0,0.0
389,0.11075624999999999,44.302499999999995,0.8055,0,0,0.0
390,0.0805,32.2,0.8049999999999999,0,0,0.0
391,0.05028125,20.1125,0.8045,0,0,0.0
392,0.08040000000000001,32.160000000000004,0.804,0,0,0.0
393,0.030131250000000002,12.0525,0.8035,0,0,0.0
394,0.0,0.0,0.8029999999999999,0,0,0.0
395,0.0,0.0,0.8025,0,0,0.0
396,0.030075000000000005,12.030000000000001,0.802,0,0,0.0
397,0.050093750000000006,20.0375,0.8015,0,0,0.0
398,0.030037499999999998,12.014999999999999,0.8009999999999999,0,0,0.0
399,0.08005,32.019999999999996,0.8005,0,0,0
400,0.08,32.0,0.8,0,0,0.0
401,0.07995000000000001,31.98,0.7995,0,0,0.0
402,0.13982499999999998,55.92999999999999,0.7989999999999999,0,0,0.0
403,0.0,0.0,0.7985,0,0,0.0
404,0.0,0.0,0.798,0,0,0.0
405,0.04984375,19.9375,0.7975,0,0,0.0
406,0.1594,63.75999999999999,0.7969999999999999,0,0,0.0
407,0.02986875,11.9475,0.7965,0,0,0.0
408,0.0,0.0,0.796,0,0,0.0
409,0.10938125,43.7525,0.7955,0,0,0.0
410,0.08943750000000002,35.775000000000006,0.795,0,0,0.0
411,0.0595875,23.835,0.7945,0,0,0.0
412,0.049625,19.85,0.794,0,0,0.0
413,0.059512499999999996,23.805,0.7935,0,0,0.0
414,0.05947500000000001,23.790000000000003,0.793,0,0,0.0
415,0.0,0.0,0.7925,0,0,0.0
416,0.0891,35.64,0.792,0,0,0.0
417,0.029681250000000003,11.8725,0.7915,0,0,0.0
418,0.059325,23.73,0.791,0,0,0.0
419,0.0,0.0,0.7905,0,0,0.0
420,0.13825,55.300000000000004,0.79,0,0,0.0
421,0.029606249999999997,11.8425,0.7895,0,0,0.0
422,0.07890000000000001,31.560000000000002,0.789,0,0,0.0
423,0.07885,31.54,0.7885,0,0,0.0
424,0.02955,11.82,0.788,0,0,0.0
425,0.02953125,11.8125,0.7875,0,0,0.0
426,0.0295125,11.805,0.787,0,0,0.0
427,0.08848125,35.3925,0.7865,0,0,0.0
428,0.029475,11.790000000000001,0.786,0,0,0.0
429,0.05891249999999999,23.564999999999998,0.7855,0,0,0.0
430,0.10793749999999999,43.175,0.785,0,0,0.0
431,0.02941875,11.7675,0.7845,0,0,0.0
432,0.0294,11.76,0.784,0,0,0.0
433,0.058762499999999995,23.505,0.7835,0,0,0.0
434,0.029362500000000003,11.745000000000001,0.783,0,0,0.0
435,0.02934375,11.737499999999999,0.7825,0,0,0.0
436,0.0,0.0,0.782,0,0,0.0
437,0.02930625,11.7225,0.7815,0,0,0.0
438,0.0781,31.240000000000002,0.781,0,0,0.0
439,0.10731874999999999,42.927499999999995,0.7805,0,0,0.0
440,0.0,0.0,0.78,0,0,0.0
441,0.029231249999999997,11.692499999999999,0.7795,0,0,0.0
442,0.029212500000000002,11.685,0.779,0,0,0.0
443,0.0583875,23.355,0.7785,0,0,0.0
444,0.13615,54.459999999999994,0.778,0,0,0.0
445,0.058312499999999996,23.325,0.7775,0,0,0.0
446,0.135975,54.39,0.777,0,0,0.0
447,0.08735624999999998,34.942499999999995,0.7765,0,0,0.0
448,0.0582,23.28,0.776,0,0,0.0
449,0.07755,31.02,0.7755,0,0,0.0
450,0.135625,54.25,0.775,0,0,0.0
451,0.0,0.0,0.7745,0,0,0.0
452,0.05805,23.22,0.774,0,0,0.0
453,0.058012499999999995,23.205,0.7735,0,0,0.0
454,0.10628750000000001,42.515,0.773,0,0,0.0
455,0.028968749999999998,11.587499999999999,0.7725,0,0,0.0
456,0.0579,23.16,0.772,0,0,0.0
457,0.0578625,23.145,0.7715,0,0,0.0
458,0.134925,53.97,0.771,0,0,0.0
459,0.02889375,11.5575,0.7705,0,0,0.0
460,0.028875,11.55,0.77,0,0,0.0
461,0.1539,61.56,0.7695,0,0,0.0
462,0.0480625,19.225,0.769,0,0,0.0
463,0.07685,30.74,0.7685,0,0,0.0
464,0.0,0.0,0.768,0,0,0.0
465,0.057562499999999996,23.025,0.7675,0,0,0.0
466,0.0862875,34.515,0.767,0,0,0.0
467,0.04790625,19.162499999999998,0.7665,0,0,0.0
468,0.0,0.0,0.766,0,0,0.0
469,0.0,0.0,0.7655000000000001,0,0,0.0
470,0.0,0.0,0.765,0,0,0.0
471,0.07644999999999999,30.58,0.7645,0,0,0.0
472,0.04775,19.1,0.764,0,0,0.0
473,0.047718750000000004,19.087500000000002,0.7635000000000001,0,0,0.0
474,0.0476875,19.075,0.763,0,0,0.0
475,0.10484375,41.9375,0.7625,0,0,0.0
476,0.047625,19.05,0.762,0,0,0.0
477,0.028556250000000002,11.422500000000001,0.7615000000000001,0,0,0.0
478,0.05707500000000001,22.830000000000002,0.761,0,0,0.0
479,0.04753125,19.0125,0.7605,0,0,0.0
480,0.076,30.4,0.76,0,0,0.0
481,0.12341875000000002,49.36750000000001,0.7595000000000001,0,0,0.0
482,0.0759,30.36,0.759,0,0,0.0
483,0.02844375,11.3775,0.7585,0,0,0.0
484,0.056850000000000005,22.740000000000002,0.758,0,0,0.0
485,0.0,0.0,0.7575000000000001,0,0,0.0
486,0.0757,30.28,0.757,0,0,0.0
487,0.0,0.0,0.7565,0,0,0.0
488,0.02835,11.34,0.756,0,0,0.0
489,0.047218750000000004,18.887500000000003,0.7555000000000001,0,0,0.0
490,0.028312499999999997,11.325,0.755,0,0,0.0
491,0.0,0.0,0.7545,0,0,0.0
492,0.10367500000000002,41.470000000000006,0.754,0,0,0.0
493,0.047093750000000004,18.837500000000002,0.7535000000000001,0,0,0.0
494,0.0282375,11.295,0.753,0,0,0.0
495,0.0,0.0,0.7525,0,0,0.0
496,0.10339999999999999,41.36,0.752,0,0,0.0
497,0.07515000000000001,30.060000000000002,0.7515000000000001,0,0,0.0
498,0.0751,30.04,0.751,0,0,0.0
499,0.04690625,18.7625,0.7505,0,0,0
0,0.0,0.0,1.0,0,0,0.0
1,0.0749625,29.985000000000003,0.9995,0,0,0.0
2,0.0999,39.96,0.999,0,0,0.0
3,0.037443750000000005,14.977500000000001,0.9985,0,0,0.0
4,0.037425,14.97,0.998,0,0,0.0
5,0.1745625,69.825,0.9975,0,0,0.0
6,0.0,0.0,0.997,0,0,0.0
7,0.13701875000000002,54.807500000000005,0.9965,0,0,0.0
8,0.03735,14.94,0.996,0,0,0.0
9,0.06221875000000001,24.887500000000003,0.9955,0,0,0.0
10,0.0,0.0,0.995,0,0,0.0
11,0.03729375,14.9175,0.9945,0,0,0.0
12,0.037275,14.91,0.994,0,0,0.0
13,0.0,0.0,0.9935,0,0,0.0
14,0.1117125,44.685,0.993,0,0,0.0
15,0.0,0.0,0.9925,0,0,0.0
16,0.0,0.0,0.992,0,0,0.0
17,0.03718125,14.8725,0.9915,0,0,0.0
18,0.0,0.0,0.991,0,0,0.0
19,0.03714375,14.8575,0.9905,0,0,0.0
20,0.11137499999999999,44.55,0.99,0,0,0.0
21,0.03710625,14.842500000000001,0.9895,0,0,0.0
22,0.037087499999999995,14.834999999999999,0.989,0,0,0.0
23,0.13591875,54.36750000000001,0.9885,0,0,0.0
24,0.03705,14.82,0.988,0,0,0.0
25,0.09875,39.5,0.9875,0,0,0.0
26,0.0370125,14.805,0.987,0,0,0.0
27,0.07398750000000001,29.595000000000002,0.9865,0,0,0.0
28,0.0,0.0,0.986,0,0,0.0
29,0.03695625,14.7825,0.9855,0,0,0.0
30,0.0369375,14.775,0.985,0,0,0.0
31,0.0738375,29.535,0.9845,0,0,0.0
32,0.0738,29.52,0.984,0,0,0.0
33,0.0,0.0,0.9835,0,0,0.0
34,0.0,0.0,0.983,0,0,0.0
35,0.0736875,29.475,0.9825,0,0,0.0
36,0.061375,24.55,0.982,0,0,0.0
37,0.0736125,29.445,0.9815,0,0,0.0
38,0.0367875,14.715,0.981,0,0,0.0
39,0.0735375,29.415000000000003,0.9805,0,0,0.0
40,0.03675,14.7,0.98,0,0,0.0
41,0.03673125,14.6925,0.9795,0,0,0.0
42,0.0367125,14.685,0.979,0,0,0.0
43,0.13454375000000002,53.8175,0.9785,0,0,0.0
44,0.0,0.0,0.978,0,0,0.0
45,0.0733125,29.325000000000003,0.9775,0,0,0.0
46,0.036637499999999996,14.655,0.977,0,0,0.0
47,0.09765,39.06,0.9765,0,0,0.0
48,0.0366,14.64,0.976,0,0,0.0
49,0.09754999999999998,39.019999999999996,0.9755,0,0,0.0
50,0.0,0.0,0.975,0,0,0.0
51,0.0730875,29.235,0.9745,0,0,0.0
52,0.036525,14.61,0.974,0,0,0.0
53,0.07301250000000001,29.205000000000002,0.9735,0,0,0.0
54,0.0,0.0,0.973,0,0,0.0
55,0.06078125,24.3125,0.9725,0,0,0.0
56,0.03645,14.58,0.972,0,0,0.0
57,0.06071875,24.2875,0.9715,0,0,0.0
58,0.0364125,14.565,0.971,0,0,0.0
59,0.03639375,14.557500000000001,0.9705,0,0,0.0
60,0.036375,14.549999999999999,0.97,0,0,0.0
61,0.0727125,29.085,0.9695,0,0,0.0
62,0.0,0.0,0.969,0,0,0.0
63,0.09685,38.74,0.9685,0,0,0.0
64,0.0363,14.52,0.968,0,0,0.0
65,0.0,0.0,0.9675,0,0,0.0
66,0.0967,38.68,0.967,0,0,0.0
67,0.03624375,14.4975,0.9665,0,0,0.0
68,0.0,0.0,0.966,0,0,0.0
69,0.0,0.0,0.9655,0,0,0.0
70,0.0,0.0,0.965,0,0,0.0
71,0.13261875,53.0475,0.9645,0,0,0.0
72,0.0,0.0,0.964,0,0,0.0
73,0.036131250000000004,14.4525,0.9635,0,0,0.0
74,0.0361125,14.445,0.963,0,0,0.0
75,0.13234375,52.9375,0.9625,0,0,0.0
76,0.036074999999999996,14.43,0.962,0,0,0.0
77,0.03605625,14.4225,0.9615,0,0,0.0
78,0.0360375,14.415,0.961,0,0,0.0
79,0.0,0.0,0.9605,0,0,0.0
80,0.036,14.399999999999999,0.96,0,0,0.0
81,0.0,0.0,0.9595,0,0,0.0
82,0.0599375,23.974999999999998,0.959,0,0,0.0
83,0.0718875,28.755,0.9585,0,0,0.0
84,0.0,0.0,0.958,0,0,0.0
85,0.10771875000000002,43.087500000000006,0.9575,0,0,0.0
86,0.09570000000000001,38.28,0.957,0,0,0.0
87,0.09565000000000001,38.260000000000005,0.9565,0,0,0.0
88,0.03585,14.34,0.956,0,0,0.0
89,0.13138124999999998,52.552499999999995,0.9555,0,0,0.0
90,0.0,0.0,0.955,0,0,0.0
91,0.0,0.0,0.9545,0,0,0.0
92,0.09539999999999998,38.16,0.954,0,0,0.0
93,0.0,0.0,0.9535,0,0,0.0
94,0.0,0.0,0.953,0,0,0.0
95,0.03571875,14.2875,0.9525,0,0,0.0
96,0.05949999999999999,23.799999999999997,0.952,0,0,0.0
97,0.0,0.0,0.9515,0,0,0.0
98,0.0,0.0,0.951,0,0,0.0
99,0.03564375,14.2575,0.9505,0,0,0
100,0.035625,14.25,0.95,0,0,0.0
101,0.05934375,23.7375,0.9495,0,0,0.0
102,0.0593125,23.724999999999998,0.949,0,0,0.0
103,0.0,0.0,0.9485,0,0,0.0
104,0.0,0.0,0.948,0,0,0.0
105,0.03553125,14.2125,0.9475,0,0,0.0
106,0.13021249999999998,52.084999999999994,0.947,0,0,0.0
107,0.0,0.0,0.9465,0,0,0.0
108,0.130075,52.03,0.946,0,0,0.0
109,0.03545625,14.182500000000001,0.9455,0,0,0.0
110,0.0590625,23.625,0.945,0,0,0.0
111,0.0,0.0,0.9445,0,0,0.0
112,0.0,0.0,0.944,0,0,0.0
113,0.03538125,14.1525,0.9435,0,0,0.0
114,0.070725,28.29,0.943,0,0,0.0
115,0.05890625,23.5625,0.9425,0,0,0.0
116,0.0,0.0,0.942,0,0,0.0
117,0.09415000000000001,37.660000000000004,0.9415,0,0,0.0
118,0.0352875,14.115,0.9410000000000001,0,0,0.0
119,0.0,0.0,0.9405,0,0,0.0
120,0.03525,14.1,0.94,0,0,0.0
121,0.0704625,28.185,0.9395,0,0,0.0
122,0.070425,28.17,0.9390000000000001,0,0,0.0
123,0.0,0.0,0.9385,0,0,0.0
124,0.07035,28.139999999999997,0.938,0,0,0.0
125,0.10546875,42.1875,0.9375,0,0,0.0
126,0.12883750000000002,51.535000000000004,0.937,0,0,0.0
127,0.05853125000000001,23.4125,0.9365,0,0,0.0
128,0.09359999999999999,37.44,0.9359999999999999,0,0,0.0
129,0.0,0.0,0.9355,0,0,0.0
130,0.0,0.0,0.935,0,0,0.0
131,0.09345,37.38,0.9345,0,0,0.0
132,0.16344999999999998,65.38,0.9339999999999999,0,0,0.0
133,0.0,0.0,0.9335,0,0,0.0
134,0.12828750000000003,51.31500000000001,0.933,0,0,0.0
135,0.03496875,13.9875,0.9325,0,0,0.0
136,0.0,0.0,0.9319999999999999,0,0,0.0
137,0.03493125,13.9725,0.9315,0,0,0.0
138,0.0349125,13.965,0.931,0,0,0.0
139,0.0697875,27.915,0.9305,0,0,0.0
140,0.0,0.0,0.9299999999999999,0,0,0.0
141,0.03485625,13.942499999999999,0.9295,0,0,0.0
142,0.0348375,13.935,0.929,0,0,0.0
143,0.0696375,27.855,0.9285,0,0,0.0
144,0.0,0.0,0.928,0,0,0.0
145,0.03478125,13.9125,0.9275,0,0,0.0
146,0.1274625,50.985,0.927,0,0,0.0
147,0.16213749999999996,64.85499999999999,0.9265,0,0,0.0
148,0.034725,13.89,0.926,0,0,0.0
149,0.09255,37.019999999999996,0.9255,0,0,0.0
150,0.0578125,23.125,0.925,0,0,0.0
151,0.0,0.0,0.9245,0,0,0.0
152,0.10395000000000001,41.580000000000005,0.924,0,0,0.0
153,0.12698125,50.7925,0.9235,0,0,0.0
154,0.06922500000000001,27.69,0.923,0,0,0.0
155,0.03459375,13.8375,0.9225,0,0,0.0
156,0.057625,23.05,0.922,0,0,0.0
157,0.0,0.0,0.9215,0,0,0.0
158,0.0,0.0,0.921,0,0,0.0
159,0.0,0.0,0.9205,0,0,0.0
160,0.0,0.0,0.92,0,0,0.0
161,0.12643125000000002,50.572500000000005,0.9195,0,0,0.0
162,0.0344625,13.785,0.919,0,0,0.0
163,0.09184999999999999,36.739999999999995,0.9185,0,0,0.0
164,0.034425000000000004,13.770000000000001,0.918,0,0,0.0
165,0.09175000000000001,36.7,0.9175,0,0,0.0
166,0.068775,27.51,0.917,0,0,0.0
167,0.03436875,13.7475,0.9165,0,0,0.0
168,0.03435,13.74,0.916,0,0,0.0
169,0.0,0.0,0.9155,0,0,0.0
170,0.0,0.0,0.915,0,0,0.0
171,0.0685875,27.435,0.9145,0,0,0.0
172,0.102825,41.13,0.914,0,0,0.0
173,0.0685125,27.405,0.9135,0,0,0.0
174,0.0,0.0,0.913,0,0,0.0
175,0.03421875,13.6875,0.9125,0,0,0.0
176,0.0684,27.36,0.912,0,0,0.0
177,0.0,0.0,0.9115,0,0,0.0
178,0.0,0.0,0.911,0,0,0.0
179,0.10243124999999999,40.9725,0.9105,0,0,0.0
180,0.034125,13.65,0.91,0,0,0.0
181,0.03410625,13.6425,0.9095,0,0,0.0
182,0.068175,27.27,0.909,0,0,0.0
183,0.0,0.0,0.9085,0,0,0.0
184,0.034050000000000004,13.620000000000001,0.908,0,0,0.0
185,0.03403125,13.612499999999999,0.9075,0,0,0.0
186,0.12471250000000002,49.885000000000005,0.907,0,0,0.0
187,0.03399375,13.5975,0.9065,0,0,0.0
188,0.0906,36.24,0.906,0,0,0.0
189,0.0679125,27.165,0.9055,0,0,0.0
190,0.0565625,22.625,0.905,0,0,0.0
191,0.09045,36.18,0.9045,0,0,0.0
192,0.0339,13.56,0.904,0,0,0.0
193,0.19199375,76.7975,0.9035,0,0,0.0
194,0.1015875,40.635,0.903,0,0,0.0
195,0.0676875,27.075,0.9025,0,0,0.0
196,0.033825,13.530000000000001,0.902,0,0,0.0
197,0.033806249999999996,13.522499999999999,0.9015,0,0,0.0
198,0.0,0.0,0.901,0,0,0.0
199,0.0675375,27.015,0.9005,0,0,0
200,0.03375,13.5,0.9,0,0,0.0
201,0.0674625,26.985,0.8995,0,0,0.0
202,0.0,0.0,0.899,0,0,0.0
203,0.033693749999999995,13.4775,0.8985,0,0,0.0
204,0.0,0.0,0.898,0,0,0.0
205,0.03365625,13.462499999999999,0.8975,0,0,0.0
206,0.0336375,13.455,0.897,0,0,0.0
207,0.12326875,49.3075,0.8965,0,0,0.0
208,0.0336,13.44,0.896,0,0,0.0
209,0.0,0.0,0.8955,0,0,0.0
210,0.1454375,58.175,0.895,0,0,0.0
211,0.03354375,13.417499999999999,0.8945,0,0,0.0
212,0.033525,13.41,0.894,0,0,0.0
213,0.0,0.0,0.8935,0,0,0.0
214,0.0,0.0,0.893,0,0,0.0
215,0.0669375,26.775,0.8925,0,0,0.0
216,0.03345,13.38,0.892,0,0,0.0
217,0.12258125,49.0325,0.8915,0,0,0.0
218,0.0334125,13.365,0.891,0,0,0.0
219,0.12244375,48.9775,0.8905,0,0,0.0
220,0.06675,26.7,0.89,0,0,0.0
221,0.05559374999999999,22.237499999999997,0.8895,0,0,0.0
222,0.0,0.0,0.889,0,0,0.0
223,0.06663749999999999,26.654999999999998,0.8885,0,0,0.0
224,0.0333,13.32,0.888,0,0,0.0
225,0.05546875,22.1875,0.8875,0,0,0.0
226,0.13305,53.22,0.887,0,0,0.0
227,0.033243749999999996,13.2975,0.8865,0,0,0.0
228,0.12182500000000002,48.730000000000004,0.886,0,0,0.0
229,0.08855,35.42,0.8855,0,0,0.0
230,0.0553125,22.125,0.885,0,0,0.0
231,0.03316875,13.2675,0.8845,0,0,0.0
232,0.0,0.0,0.884,0,0,0.0
233,0.12148124999999999,48.5925,0.8835,0,0,0.0
234,0.0993375,39.735,0.883,0,0,0.0
235,0.06618750000000001,26.475,0.8825000000000001,0,0,0.0
236,0.0,0.0,0.882,0,0,0.0
237,0.03305625,13.2225,0.8815,0,0,0.0
238,0.0330375,13.215,0.881,0,0,0.0
239,0.033018750000000006,13.207500000000001,0.8805000000000001,0,0,0.0
240,0.08800000000000001,35.2,0.88,0,0,0.0
241,0.0659625,26.384999999999998,0.8795,0,0,0.0
242,0.0329625,13.185,0.879,0,0,0.0
243,0.03294375,13.1775,0.8785000000000001,0,0,0.0
244,0.06585,26.34,0.878,0,0,0.0
245,0.05484375,21.9375,0.8775,0,0,0.0
246,0.0877,35.08,0.877,0,0,0.0
247,0.08765,35.06,0.8765000000000001,0,0,0.0
248,0.05474999999999999,21.9,0.876,0,0,0.0
249,0.0,0.0,0.8755,0,0,0.0
250,0.0875,35.0,0.875,0,0,0.0
251,0.03279375,13.117500000000001,0.8745,0,0,0.0
252,0.032775,13.11,0.874,0,0,0.0
253,0.08735,34.94,0.8734999999999999,0,0,0.0
254,0.0327375,13.095,0.873,0,0,0.0
255,0.03271875,13.0875,0.8725,0,0,0.0
256,0.0,0.0,0.872,0,0,0.0
257,0.08715,34.86,0.8714999999999999,0,0,0.0
258,0.065325,26.13,0.871,0,0,0.0
259,0.03264375,13.057500000000001,0.8705,0,0,0.0
260,0.11525,46.1,0.87,0,0,0.0
261,0.054343749999999996,21.737499999999997,0.8694999999999999,0,0,0.0
262,0.065175,26.07,0.869,0,0,0.0
263,0.0,0.0,0.8685,0,0,0.0
264,0.032549999999999996,13.02,0.868,0,0,0.0
265,0.0,0.0,0.8674999999999999,0,0,0.0
266,0.0325125,13.004999999999999,0.867,0,0,0.0
267,0.0649875,25.995,0.8665,0,0,0.0
268,0.032475000000000004,12.99,0.866,0,0,0.0
269,0.0,0.0,0.8654999999999999,0,0,0.0
270,0.0973125,38.925,0.865,0,0,0.0
271,0.08645,34.58,0.8645,0,0,0.0
272,0.0,0.0,0.864,0,0,0.0
273,0.03238125,12.952499999999999,0.8634999999999999,0,0,0.0
274,0.1186625,47.465,0.863,0,0,0.0
275,0.08625,34.5,0.8625,0,0,0.0
276,0.08620000000000001,34.480000000000004,0.862,0,0,0.0
277,0.03230625,12.9225,0.8614999999999999,0,0,0.0
278,0.0322875,12.915,0.861,0,0,0.0
279,0.03226875,12.9075,0.8605,0,0,0.0
280,0.0645,25.8,0.86,0,0,0.0
281,0.10743749999999999,42.974999999999994,0.8594999999999999,0,0,0.0
282,0.0322125,12.885,0.859,0,0,0.0
283,0.0643875,25.755000000000003,0.8585,0,0,0.0
284,0.0,0.0,0.858,0,0,0.0
285,0.0,0.0,0.8575,0,0,0.0
286,0.064275,25.71,0.857,0,0,0.0
287,0.03211875,12.8475,0.8565,0,0,0.0
288,0.0,0.0,0.856,0,0,0.0
289,0.053468749999999995,21.3875,0.8555,0,0,0.0
290,0.0320625,12.825,0.855,0,0,0.0
291,0.03204375,12.8175,0.8545,0,0,0.0
292,0.0,0.0,0.854,0,0,0.0
293,0.0640125,25.605,0.8535,0,0,0.0
294,0.0319875,12.795,0.853,0,0,0.0
295,0.06393750000000001,25.575000000000003,0.8525,0,0,0.0
296,0.0639,25.56,0.852,0,0,0.0
297,0.0638625,25.545,0.8515,0,0,0.0
298,0.0319125,12.765,0.851,0,0,0.0
299,0.03189375,12.7575,0.8505,0,0,0
300,0.0,0.0,0.85,0,0,0.0
301,0.0,0.0,0.8495,0,0,0.0
302,0.05306249999999999,21.224999999999998,0.849,0,0,0.0
303,0.0,0.0,0.8485,0,0,0.0
304,0.031799999999999995,12.719999999999999,0.848,0,0,0.0
305,0.06356250000000001,25.425,0.8475,0,0,0.0
306,0.0317625,12.705,0.847,0,0,0.0
307,0.11639374999999999,46.557500000000005,0.8465,0,0,0.0
308,0.031724999999999996,12.69,0.846,0,0,0.0
309,0.031706250000000005,12.682500000000001,0.8455,0,0,0.0
310,0.11618749999999999,46.474999999999994,0.845,0,0,0.0
311,0.0,0.0,0.8445,0,0,0.0
312,0.03165,12.66,0.844,0,0,0.0
313,0.03163125,12.6525,0.8435,0,0,0.0
314,0.063225,25.29,0.843,0,0,0.0
315,0.031593750000000004,12.637500000000001,0.8425,0,0,0.0
316,0.0,0.0,0.842,0,0,0.0
317,0.03155625,12.6225,0.8415,0,0,0.0
318,0.063075,25.23,0.841,0,0,0.0
319,0.03151875,12.6075,0.8405,0,0,0.0
320,0.084,33.6,0.84,0,0,0.0
321,0.03148125,12.592500000000001,0.8395,0,0,0.0
322,0.0314625,12.584999999999999,0.839,0,0,0.0
323,0.08385000000000002,33.540000000000006,0.8385,0,0,0.0
324,0.11522500000000001,46.09,0.838,0,0,0.0
325,0.03140625,12.5625,0.8375,0,0,0.0
326,0.0313875,12.555,0.837,0,0,0.0
327,0.03136875,12.5475,0.8365,0,0,0.0
328,0.0,0.0,0.836,0,0,0.0
329,0.06266250000000001,25.065,0.8355,0,0,0.0
330,0.03131249999999999,12.524999999999999,0.835,0,0,0.0
331,0.03129375,12.5175,0.8345,0,0,0.0
332,0.052125,20.849999999999998,0.834,0,0,0.0
333,0.0,0.0,0.8335,0,0,0.0
334,0.062474999999999996,24.99,0.833,0,0,0.0
335,0.0,0.0,0.8325,0,0,0.0
336,0.031199999999999995,12.479999999999999,0.832,0,0,0.0
337,0.0,0.0,0.8315,0,0,0.0
338,0.11426249999999999,45.705,0.831,0,0,0.0
339,0.031143749999999998,12.4575,0.8305,0,0,0.0
340,0.0,0.0,0.83,0,0,0.0
341,0.0,0.0,0.8295,0,0,0.0
342,0.0,0.0,0.829,0,0,0.0
343,0.11391875000000001,45.567499999999995,0.8285,0,0,0.0
344,0.0,0.0,0.8280000000000001,0,0,0.0
345,0.0,0.0,0.8275,0,0,0.0
346,0.0,0.0,0.827,0,0,0.0
347,0.0,0.0,0.8265,0,0,0.0
348,0.030975000000000003,12.39,0.8260000000000001,0,0,0.0
349,0.0,0.0,0.8255,0,0,0.0
350,0.0,0.0,0.825,0,0,0.0
351,0.0,0.0,0.8245,0,0,0.0
352,0.030900000000000004,12.360000000000001,0.8240000000000001,0,0,0.0
353,0.0,0.0,0.8235,0,0,0.0
354,0.0,0.0,0.823,0,0,0.0
355,0.0,0.0,0.8225,0,0,0.0
356,0.06165000000000001,24.660000000000004,0.8220000000000001,0,0,0.0
357,0.0,0.0,0.8215,0,0,0.0
358,0.0,0.0,0.821,0,0,0.0
359,0.0,0.0,0.8205,0,0,0.0
360,0.030750000000000003,12.3,0.8200000000000001,0,0,0.0
361,0.05121875,20.4875,0.8195,0,0,0.0
362,0.0,0.0,0.819,0,0,0.0
363,0.0,0.0,0.8185,0,0,0.0
364,0.030675000000000004,12.270000000000001,0.8180000000000001,0,0,0.0
365,0.0,0.0,0.8175,0,0,0.0
366,0.030637499999999998,12.254999999999999,0.817,0,0,0.0
367,0.0,0.0,0.8165,0,0,0.0
368,0.09179999999999999,36.72,0.8160000000000001,0,0,0.0
369,0.0611625,24.465,0.8155,0,0,0.0
370,0.0305625,12.225,0.815,0,0,0.0
371,0.0,0.0,0.8145,0,0,0.0
372,0.20350000000000001,81.4,0.8140000000000001,0,0,0.0
373,0.030506250000000002,12.2025,0.8135,0,0,0.0
374,0.11178749999999998,44.714999999999996,0.813,0,0,0.0
375,0.08125,32.5,0.8125,0,0,0.0
376,0.06090000000000001,24.360000000000003,0.812,0,0,0.0
377,0.0,0.0,0.8115,0,0,0.0
378,0.0,0.0,0.8109999999999999,0,0,0.0
379,0.0607875,24.315,0.8105,0,0,0.0
380,0.030375,12.15,0.81,0,0,0.0
381,0.03035625,12.1425,0.8095,0,0,0.0
382,0.0303375,12.135,0.8089999999999999,0,0,0.0
383,0.09095625,36.3825,0.8085,0,0,0.0
384,0.030300000000000004,12.120000000000001,0.808,0,0,0.0
385,0.060562500000000005,24.225,0.8075,0,0,0.0
386,0.060524999999999995,24.209999999999997,0.8069999999999999,0,0,0.0
387,0.03024375,12.0975,0.8065,0,0,0.0
388,0.030225,12.09,0.806,0,0,0.0
389,0.05034375,20.1375,0.8055,0,0,0.0
390,0.060375,24.15,0.8049999999999999,0,0,0.0
391,0.0,0.0,0.8045,0,0,0.0
392,0.0,0.0,0.804,0,0,0.0
393,0.060262500000000004,24.105,0.8035,0,0,0.0
394,0.030112499999999997,12.044999999999998,0.8029999999999999,0,0,0.0
395,0.03009375,12.0375,0.8025,0,0,0.0
396,0.050125,20.05,0.802,0,0,0.0
397,0.0,0.0,0.8015,0,0,0.0
398,0.060074999999999996,24.029999999999998,0.8009999999999999,0,0,0.0
399,0.03001875,12.0075,0.8005,0,0,0
400,0.0,0.0,0.8,0,0,0.0
401,0.02998125,11.9925,0.7995,0,0,0.0
402,0.0299625,11.985,0.7989999999999999,0,0,0.0
403,0.059887499999999996,23.955,0.7985,0,0,0.0
404,0.07980000000000001,31.92,0.798,0,0,0.0
405,0.029906250000000002,11.9625,0.7975,0,0,0.0
406,0.0,0.0,0.7969999999999999,0,0,0.0
407,0.0,0.0,0.7965,0,0,0.0
408,0.02985,11.940000000000001,0.796,0,0,0.0
409,0.07955,31.82,0.7955,0,0,0.0
410,0.029812500000000002,11.925,0.795,0,0,0.0
411,0.0,0.0,0.7945,0,0,0.0
412,0.0,0.0,0.794,0,0,0.0
413,0.0,0.0,0.7935,0,0,0.0
414,0.0,0.0,0.793,0,0,0.0
415,0.0,0.0,0.7925,0,0,0.0
416,0.0495,19.8,0.792,0,0,0.0
417,0.0,0.0,0.7915,0,0,0.0
418,0.0889875,35.595,0.791,0,0,0.0
419,0.0,0.0,0.7905,0,0,0.0
420,0.0,0.0,0.79,0,0,0.0
421,0.04934375,19.7375,0.7895,0,0,0.0
422,0.029587500000000003,11.835,0.789,0,0,0.0
423,0.07885,31.54,0.7885,0,0,0.0
424,0.049249999999999995,19.7,0.788,0,0,0.0
425,0.02953125,11.8125,0.7875,0,0,0.0
426,0.0295125,11.805,0.787,0,0,0.0
427,0.02949375,11.7975,0.7865,0,0,0.0
428,0.05895,23.580000000000002,0.786,0,0,0.0
429,0.05891249999999999,23.564999999999998,0.7855,0,0,0.0
430,0.029437500000000002,11.775,0.785,0,0,0.0
431,0.08825625000000001,35.3025,0.7845,0,0,0.0
432,0.0784,31.36,0.784,0,0,0.0
433,0.0,0.0,0.7835,0,0,0.0
434,0.029362500000000003,11.745000000000001,0.783,0,0,0.0
435,0.0,0.0,0.7825,0,0,0.0
436,0.0,0.0,0.782,0,0,0.0
437,0.02930625,11.7225,0.7815,0,0,0.0
438,0.0292875,11.715,0.781,0,0,0.0
439,0.0,0.0,0.7805,0,0,0.0
440,0.04875,19.5,0.78,0,0,0.0
441,0.0,0.0,0.7795,0,0,0.0
442,0.0,0.0,0.779,0,0,0.0
443,0.04865625,19.4625,0.7785,0,0,0.0
444,0.029175,11.67,0.778,0,0,0.0
445,0.029156249999999998,11.6625,0.7775,0,0,0.0
446,0.1068375,42.735,0.777,0,0,0.0
447,0.0582375,23.294999999999998,0.7765,0,0,0.0
448,0.0873,34.92,0.776,0,0,0.0
449,0.0,0.0,0.7755,0,0,0.0
450,0.0290625,11.625,0.775,0,0,0.0
451,0.02904375,11.6175,0.7745,0,0,0.0
452,0.106425,42.57,0.774,0,0,0.0
453,0.0,0.0,0.7735,0,0,0.0
454,0.0,0.0,0.773,0,0,0.0
455,0.057937499999999996,23.174999999999997,0.7725,0,0,0.0
456,0.0579,23.16,0.772,0,0,0.0
457,0.08679375,34.7175,0.7715,0,0,0.0
458,0.04818750000000001,19.275000000000002,0.771,0,0,0.0
459,0.02889375,11.5575,0.7705,0,0,0.0
460,0.08662500000000001,34.650000000000006,0.77,0,0,0.0
461,0.0,0.0,0.7695,0,0,0.0
462,0.07690000000000001,30.76,0.769,0,0,0.0
463,0.07685,30.74,0.7685,0,0,0.0
464,0.0,0.0,0.768,0,0,0.0
465,0.08634374999999998,34.537499999999994,0.7675,0,0,0.0
466,0.05752500000000001,23.01,0.767,0,0,0.0
467,0.0574875,22.994999999999997,0.7665,0,0,0.0
468,0.0766,30.64,0.766,0,0,0.0
469,0.10525625000000001,42.102500000000006,0.7655000000000001,0,0,0.0
470,0.028687499999999998,11.475,0.765,0,0,0.0
471,0.0,0.0,0.7645,0,0,0.0
472,0.0,0.0,0.764,0,0,0.0
473,0.02863125,11.4525,0.7635000000000001,0,0,0.0
474,0.07629999999999999,30.52,0.763,0,0,0.0
475,0.02859375,11.4375,0.7625,0,0,0.0
476,0.0,0.0,0.762,0,0,0.0
477,0.028556250000000002,11.422500000000001,0.7615000000000001,0,0,0.0
478,0.08561250000000001,34.245000000000005,0.761,0,0,0.0
479,0.028518749999999995,11.407499999999999,0.7605,0,0,0.0
480,0.0285,11.4,0.76,0,0,0.0
481,0.12341875000000002,49.36750000000001,0.7595000000000001,0,0,0.0
482,0.0,0.0,0.759,0,0,0.0
483,0.10429375,41.7175,0.7585,0,0,0.0
484,0.028425000000000002,11.370000000000001,0.758,0,0,0.0
485,0.07575,30.3,0.7575000000000001,0,0,0.0
486,0.056775,22.71,0.757,0,0,0.0
487,0.02836875,11.3475,0.7565,0,0,0.0
488,0.02835,11.34,0.756,0,0,0.0
489,0.07555000000000002,30.220000000000006,0.7555000000000001,0,0,0.0
490,0.0755,30.2,0.755,0,0,0.0
491,0.1320375,52.815,0.7545,0,0,0.0
492,0.05655,22.62,0.754,0,0,0.0
493,0.02825625,11.3025,0.7535000000000001,0,0,0.0
494,0.0470625,18.825,0.753,0,0,0.0
495,0.02821875,11.2875,0.7525,0,0,0.0
496,0.0564,22.56,0.752,0,0,0.0
497,0.10333125000000001,41.3325,0.7515000000000001,0,0,0.0
498,0.0,0.0,0.751,0,0,0.0
499,0.0,0.0,0.7505,0,0,0
500,0.028125,11.25,0.75,0,0,0.0
501,0.028106250000000003,11.242500000000001,0.7495,0,0,0.0
502,0.0,0.0,0.749,0,0,0.0
503,0.028068749999999996,11.2275,0.7484999999999999,0,0,0.0
504,0.056100000000000004,22.44,0.748,0,0,0.0
505,0.02803125,11.2125,0.7475,0,0,0.0
506,0.130725,52.290000000000006,0.747,0,0,0.0
507,0.15863124999999997,63.45249999999999,0.7464999999999999,0,0,0.0
508,0.10594999999999999,42.379999999999995,0.746,0,0,0.0
509,0.07455,29.820000000000004,0.7455,0,0,0.0
510,0.0,0.0,0.745,0,0,0.0
511,0.027918749999999996,11.167499999999999,0.7444999999999999,0,0,0.0
512,0.0,0.0,0.744,0,0,0.0
513,0.111525,44.61,0.7435,0,0,0.0
514,0.0278625,11.145,0.743,0,0,0.0
515,0.08353124999999999,33.412499999999994,0.7424999999999999,0,0,0.0
516,0.102025,40.81,0.742,0,0,0.0
517,0.12049375000000001,48.197500000000005,0.7415,0,0,0.0
518,0.0277875,11.115,0.741,0,0,0.0
519,0.027768749999999995,11.107499999999998,0.7404999999999999,0,0,0.0
520,0.07400000000000001,29.6,0.74,0,0,0.0
521,0.027731250000000002,11.092500000000001,0.7395,0,0,0.0
522,0.0,0.0,0.739,0,0,0.0
523,0.046156249999999996,18.4625,0.7384999999999999,0,0,0.0
524,0.027675,11.07,0.738,0,0,0.0
525,0.02765625,11.0625,0.7375,0,0,0.0
526,0.0,0.0,0.737,0,0,0.0
527,0.0,0.0,0.7364999999999999,0,0,0.0
528,0.0,0.0,0.736,0,0,0.0
529,0.24823125000000001,99.2925,0.7355,0,0,0.0
530,0.0275625,11.025,0.735,0,0,0.0
531,0.05508749999999999,22.034999999999997,0.7344999999999999,0,0,0.0
532,0.08257500000000001,33.03,0.734,0,0,0.0
533,0.027506250000000003,11.002500000000001,0.7335,0,0,0.0
534,0.10994999999999999,43.98,0.733,0,0,0.0
535,0.08240625,32.9625,0.7324999999999999,0,0,0.0
536,0.0732,29.28,0.732,0,0,0.0
537,0.02743125,10.9725,0.7315,0,0,0.0
538,0.0274125,10.965,0.731,0,0,0.0
539,0.027393749999999998,10.9575,0.7304999999999999,0,0,0.0
540,0.10037499999999999,40.15,0.73,0,0,0.0
541,0.10030625,40.1225,0.7295,0,0,0.0
542,0.0273375,10.935,0.729,0,0,0.0
543,0.0,0.0,0.7284999999999999,0,0,0.0
544,0.0273,10.92,0.728,0,0,0.0
545,0.027281250000000003,10.912500000000001,0.7275,0,0,0.0
546,0.0272625,10.905,0.727,0,0,0.0
547,0.0,0.0,0.7264999999999999,0,0,0.0
548,0.045375,18.15,0.726,0,0,0.0
549,0.0,0.0,0.7255,0,0,0.0
550,0.0996875,39.875,0.725,0,0,0.0
551,0.02716875,10.8675,0.7244999999999999,0,0,0.0
552,0.027149999999999997,10.86,0.724,0,0,0.0
553,0.0,0.0,0.7235,0,0,0.0
554,0.027112499999999998,10.844999999999999,0.723,0,0,0.0
555,0.09031249999999998,36.12499999999999,0.7224999999999999,0,0,0.0
556,0.0,0.0,0.722,0,0,0.0
557,0.02705625,10.8225,0.7215,0,0,0.0
558,0.054075,21.63,0.721,0,0,0.0
559,0.054037499999999995,21.615,0.7204999999999999,0,0,0.0
560,0.05399999999999999,21.599999999999998,0.72,0,0,0.0
561,0.026981250000000002,10.7925,0.7195,0,0,0.0
562,0.07189999999999999,28.759999999999998,0.719,0,0,0.0
563,0.0,0.0,0.7185,0,0,0.0
564,0.026924999999999998,10.77,0.718,0,0,0.0
565,0.09865625000000001,39.462500000000006,0.7175,0,0,0.0
566,0.0,0.0,0.7170000000000001,0,0,0.0
567,0.02686875,10.7475,0.7165,0,0,0.0
568,0.0716,28.64,0.716,0,0,0.0
569,0.04471875,17.8875,0.7155,0,0,0.0
570,0.07150000000000001,28.600000000000005,0.7150000000000001,0,0,0.0
571,0.02679375,10.717500000000001,0.7145,0,0,0.0
572,0.09817499999999998,39.269999999999996,0.714,0,0,0.0
573,0.026756250000000002,10.7025,0.7135,0,0,0.0
574,0.0,0.0,0.7130000000000001,0,0,0.0
575,0.07125,28.5,0.7125,0,0,0.0
576,0.0712,28.48,0.712,0,0,0.0
577,0.08004375,32.0175,0.7115,0,0,0.0
578,0.026662500000000002,10.665000000000001,0.7110000000000001,0,0,0.0
579,0.02664375,10.6575,0.7105,0,0,0.0
580,0.0,0.0,0.71,0,0,0.0
581,0.0,0.0,0.7095,0,0,0.0
582,0.026587500000000003,10.635000000000002,0.7090000000000001,0,0,0.0
583,0.0,0.0,0.7085,0,0,0.0
584,0.0,0.0,0.708,0,0,0.0
585,0.0,0.0,0.7075,0,0,0.0
586,0.0265125,10.605,0.7070000000000001,0,0,0.0
587,0.07065,28.26,0.7065,0,0,0.0
588,0.097075,38.83,0.706,0,0,0.0
589,0.0529125,21.165,0.7055,0,0,0.0
590,0.12337500000000003,49.35000000000001,0.7050000000000001,0,0,0.0
591,0.0528375,21.135,0.7045,0,0,0.0
